subject_id,condition,mean_accuracy,mean_rt,median_rt,mean_conf,n_trials,REC,LDI_BB,LDI_EM
sub100,AB,0.975,9.482880237499193,8.479430050007068,4.125,40,0.95,1.0,0.8999999999999999
sub101,AB,0.825,6.001849695001146,5.242409700003918,4.25,40,0.6499999999999999,0.30000000000000004,1.0
sub102,AB,0.85,4.728354602507897,4.439567749970593,4.1,40,0.7,0.6000000000000001,0.8
sub103,AB,0.85,4.3779745174979325,3.8732350999780465,3.5,40,0.7,0.7,0.7
sub104,AB,0.825,4.069636187500146,3.875715449976269,4.3,40,0.6499999999999999,0.7,0.6000000000000001
sub105,AB,0.75,5.844686734999414,5.560465299990028,3.575,40,0.5,0.3999999999999999,0.6000000000000001
sub106,AB,0.725,4.792938405003224,3.917378850019304,4.475,40,0.44999999999999996,0.3999999999999999,0.5
sub107,AB,0.95,6.237957584991818,4.089366700034589,3.85,40,0.8999999999999999,0.8,1.0
sub108,AB,0.75,6.047169695001503,4.4417497999966145,3.25,40,0.5,0.5,0.5
sub109,AB,0.8,6.270248930001981,5.52179954998428,3.6,40,0.6000000000000001,0.6000000000000001,0.6000000000000001
sub110,AB,0.825,4.345379349999712,3.5652537000132725,4.55,40,0.6499999999999999,0.8,0.5
sub111,AB,0.875,6.757949772498978,5.783678199979477,3.475,40,0.75,0.6000000000000001,0.8999999999999999
sub112,AB,0.775,5.857310919990414,5.800991950003663,3.675,40,0.55,0.5,0.6000000000000001
sub113,AB,0.875,4.106889227501233,3.773933750024298,3.5,40,0.75,0.6000000000000001,0.8999999999999999
sub114,AB,0.85,4.719904487501481,4.156724700005725,3.775,40,0.7,0.7,0.7
sub115,AB,0.9,5.341037039991352,4.487486799975159,4.325,40,0.8,0.7,0.8999999999999999
sub116,AB,0.9,5.1035706674927495,4.0672078499919735,4.25,40,0.8,0.7,0.8999999999999999
sub117,AB,0.7,3.328212985006394,2.9708367999992333,3.7,40,0.3999999999999999,0.3999999999999999,0.3999999999999999
sub118,AB,0.975,3.2507926425038023,2.8309186499973293,4.9,40,0.95,1.0,0.8999999999999999
sub119,AB,0.9,6.160890085,4.980032749999964,4.325,40,0.8,0.8,0.8
sub120,AB,0.8974358974358975,6.920391720512737,5.7117604999994,3.923076923076923,39,0.7948717948717949,0.5789473684210527,1.0
sub121,AB,0.9,5.847795534999955,4.352903349999906,4.175,40,0.8,0.7,0.8999999999999999
sub122,AB,0.825,4.76173969499987,3.739537900000869,4.0,40,0.6499999999999999,0.6000000000000001,0.7
sub123,AB,0.9,4.587591962499891,3.8685170499993546,4.775,40,0.8,0.8,0.8
sub124,AB,0.9,5.179515107500265,4.219916200000625,3.975,40,0.8,0.7,0.8999999999999999
sub125,AB,0.85,5.087380710000025,4.255003149999538,4.55,40,0.7,0.5,0.8999999999999999
sub126,AB,0.775,4.7428939800002805,4.060507500000313,3.875,40,0.55,0.5,0.6000000000000001
sub127,AB,0.925,5.334255719999874,4.860031500000332,4.825,40,0.8500000000000001,0.8,0.8999999999999999
sub128,AB,0.7,4.347458812499918,3.2706577499993728,3.725,40,0.3999999999999999,0.3999999999999999,0.3999999999999999
sub129,AB,0.825,5.178570600000239,4.563069949999772,4.1,40,0.6499999999999999,0.7,0.6000000000000001
sub130,AB,0.875,4.116744700000163,3.2565030500027206,4.425,40,0.75,0.7,0.8
sub131,AB,0.95,3.5560534525000547,3.0019621000028565,4.025,40,0.8999999999999999,0.8,1.0
sub132,AB,0.6,5.7874037849993325,4.300138650003646,4.275,40,0.19999999999999996,-0.10000000000000003,0.5
sub133,AB,0.9,5.371699702501791,4.790056250007183,3.975,40,0.8,0.8999999999999999,0.7
sub134,AB,0.825,3.7390396000002513,3.2211714000004577,4.4,40,0.6499999999999999,0.7,0.6000000000000001
sub135,AB,0.75,5.022419130000344,4.694497299999057,3.2,40,0.5,0.5,0.5
sub136,AB,0.9,6.154597777500021,5.263185149997298,3.7,40,0.8,0.8999999999999999,0.7
sub137,AB,0.875,6.952714304999972,6.528886800006148,4.225,40,0.75,0.8,0.7
sub138,AB,0.7,5.681566512498466,5.65446140000131,3.45,40,0.3999999999999999,0.19999999999999996,0.6000000000000001
sub139,AB,0.95,5.770405915001175,5.4115363500022795,4.025,40,0.8999999999999999,0.8,1.0
sub14,NB,0.825,6.433024412498344,4.580222999982652,4.5,40,0.6499999999999999,0.8,0.5
sub140,AB,0.8,5.556621632500173,4.977346500003478,4.475,40,0.6000000000000001,0.5,0.7
sub141,AB,0.825,4.8648440449997,3.9467969999968773,3.85,40,0.6499999999999999,0.6000000000000001,0.7
sub142,AB,0.575,3.8725640200009366,3.735607300004631,4.425,40,0.1499999999999999,0.30000000000000004,0.0
sub143,AB,0.775,3.473966840000867,3.3744819499988807,4.675,40,0.55,0.3999999999999999,0.7
sub144,AB,0.925,5.019161572500889,4.176157500005502,4.75,40,0.8500000000000001,0.8999999999999999,0.8
sub145,AB,0.775,6.186714199998096,5.1229476500011515,4.075,40,0.55,0.5,0.6000000000000001
sub146,AB,0.7692307692307693,7.36204367692251,5.693529400014086,4.0,39,0.5384615384615385,0.6000000000000001,0.4736842105263157
sub147,AB,0.8,6.244800024998767,5.614330600001267,3.6,40,0.6000000000000001,0.6000000000000001,0.6000000000000001
sub148,AB,0.725,5.3990896449988215,4.479889900001581,3.8,40,0.44999999999999996,0.5,0.3999999999999999
sub149,AB,0.775,5.90549338750061,5.157198500019149,3.625,40,0.55,0.3999999999999999,0.7
sub15,NB,0.8,4.913454105002165,4.4127028999937465,4.275,40,0.6000000000000001,0.5,0.7
sub150,NB,0.85,3.766880367500562,3.6055999499949394,4.275,40,0.7,0.5,0.8999999999999999
sub151,NB,0.8947368421052632,8.063549439471803,5.909554149999167,4.421052631578948,38,0.7894736842105263,0.8,0.7777777777777777
sub152,NB,0.8,9.385041922501113,8.613053999986732,3.5,40,0.6000000000000001,0.6000000000000001,0.6000000000000001
sub153,NB,0.7,4.893822125003498,3.8262817500071833,4.225,40,0.3999999999999999,0.30000000000000004,0.5
sub154,NB,0.95,4.533935000003112,4.202565750005306,4.25,40,0.8999999999999999,0.8999999999999999,0.8999999999999999
sub155,NB,0.875,5.4584839724986525,4.741480599986971,4.475,40,0.75,0.8999999999999999,0.6000000000000001
sub156,NB,0.95,4.370602202498413,3.940539749994059,4.65,40,0.8999999999999999,0.8999999999999999,0.8999999999999999
sub157,AB,0.85,4.7479849075010865,4.172864200008917,4.25,40,0.7,0.5,0.8999999999999999
sub158,NB,0.825,6.255754775000241,5.794020750006894,4.275,40,0.6499999999999999,0.7,0.6000000000000001
sub159,NB,0.825,5.470249600003444,4.4182255000196164,4.125,40,0.6499999999999999,0.6000000000000001,0.7
sub16,NB,0.675,6.249812934998772,5.584414850003668,3.875,40,0.3500000000000001,0.5,0.19999999999999996
sub160,NB,0.75,3.874103595002089,3.547018500001286,4.375,40,0.5,0.19999999999999996,0.8
sub161,NB,0.925,5.3309800474999065,4.35143345000688,4.025,40,0.8500000000000001,0.8999999999999999,0.8
sub162,NB,0.825,3.219387559997267,2.917245450007613,3.3,40,0.6499999999999999,0.6000000000000001,0.7
sub163,NB,0.95,4.985194747500645,4.573144349997165,3.975,40,0.8999999999999999,0.8999999999999999,0.8999999999999999
sub164,NB,0.9166666666666666,7.5984398638853845,6.150038000007044,5.0,36,0.8333333333333333,1.0,0.6666666666666667
sub165,NB,0.875,4.178033987501112,3.7811373000004096,4.675,40,0.75,0.7,0.8
sub166,NB,0.925,5.534047029999056,4.106762149996939,3.9,40,0.8500000000000001,0.8999999999999999,0.8
sub167,NB,0.95,4.555101190001733,3.7049638499884168,4.6,40,0.8999999999999999,1.0,0.8
sub168,NB,0.975,6.2600108124970575,6.09101129998453,4.625,40,0.95,0.8999999999999999,1.0
sub169,NB,0.875,6.584855410003366,4.874286000005668,4.375,40,0.75,0.7,0.8
sub17,NB,0.975,5.914260652501253,5.170805850008037,4.325,40,0.95,0.8999999999999999,1.0
sub170,NB,0.9,5.642395432495687,4.279868399986299,3.575,40,0.8,0.8,0.8
sub171,NB,0.725,7.366088045001379,6.493199399992591,3.0,40,0.44999999999999996,0.30000000000000004,0.6000000000000001
sub172,NB,0.875,5.983497650001664,5.955634700017981,3.575,40,0.75,0.6000000000000001,0.8999999999999999
sub173,NB,0.8,6.965194089996658,6.830522549993475,4.225,40,0.6000000000000001,0.5,0.7
sub174,NB,0.95,5.4812397999980025,4.48583960000542,4.15,40,0.8999999999999999,0.8,1.0
sub175,NB,0.9,5.10812078750314,4.760718600009568,4.425,40,0.8,0.8999999999999999,0.7
sub176,NB,0.65,6.219046717489254,5.5732450999785215,4.0,40,0.30000000000000004,0.19999999999999996,0.3999999999999999
sub177,NB,0.95,4.2081182724941755,3.41959185001906,4.4,40,0.8999999999999999,0.8999999999999999,0.8999999999999999
sub178,NB,0.825,3.9366913724981716,3.4921918499749154,4.6,40,0.6499999999999999,0.6000000000000001,0.7
sub179,NB,0.85,6.802808999999252,6.044465400016634,4.3,40,0.7,0.7,0.7
sub18,NB,0.95,4.1020021850032204,3.560532650008099,4.125,40,0.8999999999999999,0.8,1.0
sub180,NB,0.9,5.761077582492726,5.128254350012867,4.425,40,0.8,0.8,0.8
sub181,NB,0.925,3.2556977824991917,2.8166881000215653,4.7,40,0.8500000000000001,0.8,0.8999999999999999
sub182,NB,0.85,5.0403053599977286,3.834398999984842,3.825,40,0.7,0.6000000000000001,0.8
sub183,NB,0.875,5.82489673999662,5.247088450007141,4.15,40,0.75,0.7,0.8
sub184,NB,0.775,2.9811025575036183,2.71008604997769,4.1,40,0.55,0.6000000000000001,0.5
sub185,NB,0.9,5.6383355799946,4.938000200025272,4.3,40,0.8,0.8,0.8
sub19,NB,0.925,3.6123558174999912,3.403146799999945,4.85,40,0.8500000000000001,1.0,0.7
sub21,NB,0.875,7.037956332500039,6.560830050000277,3.875,40,0.75,0.8,0.7
sub22,NB,0.925,6.032438907499932,5.4954031999996005,4.075,40,0.8500000000000001,0.8,0.8999999999999999
sub23,AB,0.825,4.630832950000058,4.119443900000078,3.725,40,0.6499999999999999,0.3999999999999999,0.8999999999999999
sub24,NB,0.9,3.883507074999943,3.2218613000004552,4.7,40,0.8,0.7,0.8999999999999999
sub25,AB,0.875,7.550236340000083,6.541634700000941,4.275,40,0.75,0.8,0.7
sub26,AB,0.925,4.4982109199998375,4.127312450002137,2.9,40,0.8500000000000001,0.8,0.8999999999999999
sub27,AB,0.925,4.587174685000173,3.7708225999995193,4.125,40,0.8500000000000001,0.8,0.8999999999999999
sub28,AB,0.9736842105263158,8.913733981579227,7.860221249999086,4.921052631578948,38,0.9473684210526316,1.0,0.8999999999999999
sub29,AB,0.85,7.372763917500015,5.664961650001715,4.3,40,0.7,0.5,0.8999999999999999
sub30,AB,0.775,4.8228026900002074,3.938044649999938,4.3,40,0.55,0.5,0.6000000000000001
sub31,AB,0.85,6.063545314999283,4.899211899995862,4.525,40,0.7,0.7,0.7
sub32,AB,0.925,5.501531177499419,4.33973369999876,4.525,40,0.8500000000000001,0.8999999999999999,0.8
sub33,AB,0.825,6.304348355000911,5.374403799993161,4.45,40,0.6499999999999999,0.7,0.6000000000000001
sub34,AB,0.85,4.655941097500909,4.527502000004461,3.575,40,0.7,0.8,0.6000000000000001
sub35,AB,0.9,4.313216292497964,3.4101762499994948,4.775,40,0.8,0.8,0.8
sub36,AB,0.9,4.956652182502149,4.231983899997431,4.5,40,0.8,0.8,0.8
sub37,AB,0.825,6.330644242499693,4.745086400005675,3.4,40,0.6499999999999999,0.8,0.5
sub38,AB,0.825,5.87346181249959,4.94951454999682,4.75,40,0.6499999999999999,0.6000000000000001,0.7
sub39,AB,0.9,7.033939744999588,5.95375464999961,3.675,40,0.8,0.7,0.8999999999999999
sub40,AB,0.775,6.478003600000375,5.788125999999465,4.725,40,0.55,0.6000000000000001,0.5
sub41,AB,0.85,9.934166607499355,8.728675049998856,3.65,40,0.7,0.6000000000000001,0.8
sub43,NB,0.925,5.310274947501602,5.185737899999367,4.275,40,0.8500000000000001,1.0,0.7
sub44,NB,0.9,5.261331962500845,4.361227899993537,4.4,40,0.8,0.8,0.8
sub45,NB,1.0,4.766933889997745,4.42029165000713,4.625,40,1.0,1.0,1.0
sub46,NB,0.975,6.539318437497423,4.557124550003209,4.575,40,0.95,0.8999999999999999,1.0
sub47,NB,0.825,6.052195159995608,5.230287250000401,4.375,40,0.6499999999999999,0.6000000000000001,0.7
sub48,NB,0.875,4.010417092499847,3.6953200499992818,3.975,40,0.75,0.7,0.8
sub49,NB,0.9,5.829123224999057,5.082711249997374,3.7,40,0.8,0.8,0.8
sub50,NB,0.8717948717948718,7.843435543592279,6.139233099995181,4.3076923076923075,39,0.7435897435897436,1.0,0.5
sub51,NB,0.85,6.114636632491601,5.65375125000719,4.55,40,0.7,0.7,0.7
sub52,NB,0.9,4.939929319990915,4.255327049992047,4.275,40,0.8,0.8,0.8
sub53,NB,0.95,5.944745974993566,5.502114999981131,4.475,40,0.8999999999999999,0.8999999999999999,0.8999999999999999
sub54,NB,0.875,5.336215665008058,4.57999080006266,4.35,40,0.75,0.7,0.8
sub55,NB,0.9,5.814105174996075,4.161248899996281,4.9,40,0.8,0.7,0.8999999999999999
sub56,NB,0.825,9.121602259995417,7.581836249970365,4.425,40,0.6499999999999999,0.7,0.6000000000000001
sub57,NB,0.85,5.5575203750049695,4.709170999994967,4.775,40,0.7,0.6000000000000001,0.8
sub58,NB,0.85,9.875410099991132,8.916273149952758,4.075,40,0.7,0.8,0.6000000000000001
sub59,NB,0.825,9.179609309995431,7.249200199963525,3.35,40,0.6499999999999999,0.6000000000000001,0.7
sub60,NB,0.9,6.717097315008869,5.707109200011473,4.575,40,0.8,0.8,0.8
sub61,NB,0.825,6.8648409324998285,5.8524803500004055,3.825,40,0.6499999999999999,0.6000000000000001,0.7
sub62,NB,0.95,4.9480228299999,4.415371150000283,4.675,40,0.8999999999999999,0.8999999999999999,0.8999999999999999
sub63,NB,0.875,4.736996929999987,3.9555466000019806,3.5,40,0.75,0.6000000000000001,0.8999999999999999
sub64,NB,0.975,7.0455133599991315,5.439228249997541,3.55,40,0.95,1.0,0.8999999999999999
sub65,NB,0.9,5.404336509999121,4.925883949996205,4.35,40,0.8,0.8,0.8
sub66,NB,0.7567567567567568,10.451308854055242,7.303544399997918,3.4864864864864864,37,0.5135135135135136,0.5789473684210527,0.4444444444444444
sub67,NB,0.825,8.133502757499446,5.211314300002414,4.225,40,0.6499999999999999,0.3999999999999999,0.8999999999999999
sub68,NB,0.95,5.102304485000786,3.8367656499976874,4.775,40,0.8999999999999999,0.8999999999999999,0.8999999999999999
sub69,NB,0.8,4.48992186000105,3.936039450003591,3.9,40,0.6000000000000001,0.6000000000000001,0.6000000000000001
sub70,NB,0.9,4.63613785499947,3.749532450005063,3.7,40,0.8,0.7,0.8999999999999999
sub71,NB,0.9,4.148620717499943,3.9126633499981835,4.625,40,0.8,0.8999999999999999,0.7
sub72,NB,0.925,5.931091035001009,4.514770649999264,3.75,40,0.8500000000000001,0.8,0.8999999999999999
sub73,NB,0.9,7.956583084999875,6.453305449998879,4.075,40,0.8,0.7,0.8999999999999999
sub74,NB,0.975,5.044551855001191,4.519240849993366,4.625,40,0.95,1.0,0.8999999999999999
sub75,NB,0.825,6.3766200375008335,5.6337471999941044,3.75,40,0.6499999999999999,0.8,0.5
sub76,NB,0.9,5.6627930075024775,4.107245150022209,4.125,40,0.8,0.8999999999999999,0.7
sub77,NB,0.725,4.972529069998563,4.595590050012106,3.675,40,0.44999999999999996,0.19999999999999996,0.7
sub78,NB,0.95,4.984837389999302,4.117060100019444,4.675,40,0.8999999999999999,0.8999999999999999,0.8999999999999999
sub79,NB,0.725,5.267965545001789,4.608140700001968,3.95,40,0.44999999999999996,0.30000000000000004,0.6000000000000001
sub80,NB,0.875,5.758909239999047,4.702294900009292,4.7,40,0.75,0.8,0.7
sub81,NB,0.875,5.656645187498361,4.884087650003494,3.6,40,0.75,0.6000000000000001,0.8999999999999999
sub82,NB,0.875,5.814412162503868,5.47515784999996,4.05,40,0.75,0.6000000000000001,0.8999999999999999
sub83,NB,0.95,4.7477389700026835,4.043065300007584,4.4,40,0.8999999999999999,0.8,1.0
sub84,NB,0.825,4.8335976275004215,4.732415599981323,4.325,40,0.6499999999999999,0.7,0.6000000000000001
sub85,NB,0.875,6.88589992750276,5.757845200001611,4.675,40,0.75,0.7,0.8
sub86,NB,0.85,6.261664452496916,6.0066498999949545,4.175,40,0.7,0.6000000000000001,0.8
sub87,NB,0.825,4.027721002502221,3.5373053000075743,3.55,40,0.6499999999999999,0.3999999999999999,0.8999999999999999
sub88,AB,0.875,5.498051344999112,4.718349849994411,4.3,40,0.75,0.8,0.7
sub89,AB,0.825,7.6028700299997585,5.55737814999884,3.725,40,0.6499999999999999,0.7,0.6000000000000001
sub90,AB,0.975,4.950023740000324,3.853597549998085,4.7,40,0.95,1.0,0.8999999999999999
sub91,AB,0.975,6.220674327498273,5.001902299991343,4.775,40,0.95,1.0,0.8999999999999999
sub92,AB,0.9,4.85162034999812,4.331629550011712,4.1,40,0.8,1.0,0.6000000000000001
sub93,AB,0.9,5.0399133025021,4.0541381999937585,4.625,40,0.8,0.8999999999999999,0.7
sub94,AB,0.675,4.408705537502828,3.842298050003592,3.625,40,0.3500000000000001,0.10000000000000009,0.6000000000000001
sub95,AB,0.85,5.188012942498608,4.508807649981463,3.375,40,0.7,0.8,0.6000000000000001
sub96,AB,0.775,5.998426357501012,4.523712399997748,3.6,40,0.55,0.7,0.3999999999999999
sub97,AB,0.85,5.771542477502953,5.227629300003173,3.575,40,0.7,0.7,0.7
sub98,AB,0.75,3.3990168424948934,3.0969144999980927,4.4,40,0.5,0.3999999999999999,0.6000000000000001
sub99,AB,0.825,8.831371195000248,8.494204349990468,4.075,40,0.6499999999999999,0.6000000000000001,0.7
