subject_id,condition,videos_started,videos_stopped,vigilance_time_sec,vigilance_time_min,flagged_inattentive
sub41,AB,1556.335187500008,1591.003112799997,34.667925299989065,0.5777987549998177,False
sub43,NB,1513.453840800008,1550.6536970000016,37.19985619999352,0.6199976033332253,False
sub100,AB,1532.2994200999965,1566.968962199986,34.669542099989485,0.5778257016664914,False
sub101,AB,1551.6715864000143,1579.5078495999917,27.83626319997734,0.4639377199996223,False
sub102,AB,1505.5458333000424,1506.669122399995,1.1232890999526717,0.018721484999211193,False
sub103,AB,1501.251300600008,1543.5894375000498,42.33813690004172,0.7056356150006953,False
sub104,AB,1509.8597922000336,1541.763387700019,31.903595499985386,0.5317265916664231,False
sub105,AB,1557.121385300008,1581.9229007000104,24.801515400002472,0.4133585900000412,False
sub106,AB,1531.2707299999893,1555.5060620000004,24.235332000011113,0.4039222000001852,False
sub107,AB,1497.6673622999806,1525.4708501999849,27.803487900004257,0.46339146500007095,False
sub108,AB,1569.5236113999854,1590.3602841999964,20.836672800011,0.34727788000018334,False
sub109,AB,1549.9781578000402,1586.5132668000297,36.53510899998946,0.6089184833331577,False
sub110,AB,1515.7275339000043,1559.9986417999608,44.271107899956405,0.7378517983326067,False
sub111,AB,1555.2225640999968,1574.5243081999945,19.301744099997677,0.3216957349999613,False
sub112,AB,1567.2507245999875,1574.9076922999811,7.656967699993629,0.12761612833322716,False
sub113,AB,1593.0621107000045,1599.0353780000005,5.973267299995996,0.09955445499993326,False
sub114,AB,1546.2269502999843,1588.196500199963,41.9695498999788,0.69949249833298,False
sub115,AB,1503.3456058999873,1539.347525099991,36.00191920000361,0.6000319866667269,False
sub116,AB,1530.2019096000004,1534.8152169999669,4.613307399966516,0.07688845666610859,False
sub117,AB,1525.8641621000131,1528.5920343000323,2.727872200019192,0.045464536666986535,False
sub118,AB,1478.4667064999812,1528.303363599989,49.83665710000787,0.8306109516667978,False
sub119,AB,1528.5452116,1557.9161796,29.370968000000175,0.48951613333333627,False
sub120,AB,1576.5997424999996,1579.6134038,3.0136613000004218,0.05022768833334036,False
sub121,AB,1529.2133645000004,1548.5491548999998,19.335790399999496,0.32226317333332494,False
sub122,AB,1564.8594870999996,1601.7279090999991,36.868421999999555,0.6144736999999926,False
sub123,AB,1506.3964663000006,1542.4315664000003,36.03510009999968,0.6005850016666614,False
sub124,AB,1491.1856454000008,1533.1238876999996,41.93824229999882,0.6989707049999804,False
sub125,AB,1536.1058415999996,1537.9747141999997,1.8688726000000315,0.03114787666666719,False
sub126,AB,1523.7812261999989,1560.3184791999977,36.53725299999883,0.6089542166666472,False
sub127,AB,1501.2863306,1535.5895384999967,34.30320789999678,0.571720131666613,False
sub128,AB,1625.0699473999994,1654.440282399999,29.370334999999614,0.4895055833333269,False
sub129,AB,1530.597313300001,1550.4250155000009,19.827702199999976,0.3304617033333329,False
sub130,AB,1513.3288561000008,1532.8005449000011,19.471688800000265,0.32452814666667107,False
sub131,AB,1492.4721589999972,1540.0427071000013,47.57054810000409,0.7928424683334014,False
sub132,AB,1579.809152300004,1581.0757494999998,1.2665971999958856,0.02110995333326476,False
sub133,AB,1560.6301865999994,1563.7847952999873,3.1546086999878753,0.052576811666464586,False
sub134,AB,1510.3514614000014,1541.6525623999914,31.301100999990012,0.5216850166665002,False
sub135,AB,1492.495395799997,1531.9298633,39.434467500003166,0.6572411250000527,False
sub136,AB,1566.7056421999878,1570.1580495999951,3.4524074000073597,0.057540123333456,False
sub137,AB,1504.6171555000035,1535.95314350001,31.33598800000641,0.5222664666667735,False
sub138,AB,1537.3564320000005,1578.7248302999942,41.368398299993714,0.6894733049998952,False
sub139,AB,1510.2123398999977,1541.5141625999968,31.301822699999093,0.5216970449999849,False
sub140,AB,1525.363396700006,1549.7656806000014,24.402283899995382,0.4067047316665897,False
sub141,AB,1507.2876232999988,1538.523085000008,31.235461700009182,0.5205910283334864,False
sub142,AB,1497.1064556000056,1526.4774140999943,29.370958499988774,0.4895159749998129,False
sub143,AB,1496.521131100002,1531.1550225999963,34.633891499994206,0.5772315249999035,False
sub144,AB,1563.677195199998,1572.952852399991,9.275657199992793,0.15459428666654654,False
sub145,AB,1535.1879587000003,1579.4584618999943,44.27050319999398,0.7378417199998997,False
sub146,AB,1541.0963281000004,1546.471744200011,5.375416100010625,0.08959026833351041,False
sub147,AB,1544.607587999999,1562.2416811000005,17.634093100001564,0.29390155166669274,False
sub148,AB,1615.2169367000024,1651.7180697000003,36.501132999997935,0.6083522166666323,False
sub149,AB,1570.1947123999998,1604.8305647000088,34.63585230000899,0.5772642050001499,False
sub14,NB,1508.5867214000027,1528.7537294000213,20.16700800001854,0.336116800000309,False
sub150,NB,1513.2231991000008,1539.1933122999908,25.97011319999001,0.4328352199998335,False
sub151,NB,1643.8885614000028,1650.335687599989,6.447126199986087,0.10745210333310146,False
sub152,NB,1560.3101065999945,1595.1778824999928,34.86777589999838,0.5811295983333064,False
sub153,NB,1565.2221180000051,1615.8242899999896,50.60217199998442,0.8433695333330736,False
sub154,NB,1540.5660071999882,1560.867867599998,20.301860400009673,0.3383643400001612,False
sub155,NB,1542.9329791000057,1568.0387062000227,25.10572710001702,0.4184287850002837,False
sub156,NB,1516.3494363999926,1541.3174055999843,24.967969199991785,0.41613281999986307,False
sub157,AB,1529.6872237000207,1569.4566387000086,39.76941499998793,0.6628235833331322,False
sub158,NB,1534.1923954999947,1559.2975835999823,25.105188099987572,0.41841980166645953,False
sub159,NB,1503.8378455000056,1535.7782645999978,31.94041909999214,0.5323403183332024,False
sub15,NB,1498.2523563999855,1535.4210224999988,37.1686661000133,0.619477768333555,False
sub160,NB,1534.1598161000002,1584.7281214999966,50.56830539999646,0.842805089999941,False
sub161,NB,1678.4636969000276,1697.2981216000044,18.834424699976807,0.3139070783329468,False
sub162,NB,1582.0576769000036,1601.194892600004,19.137215700000525,0.31895359500000875,False
sub163,NB,1555.2742833000084,1574.1095692999952,18.83528599998681,0.31392143333311345,False
sub164,NB,1549.8036875000107,1581.742582900013,31.938895400002366,0.5323149233333727,False
sub165,NB,1507.5338026999962,1542.069589199993,34.5357864999969,0.575596441666615,False
sub166,NB,1545.979370999994,1548.213744599983,2.2343735999891123,0.03723955999981854,False
sub167,NB,1536.1630880000012,1539.8370833000226,3.673995300021488,0.06123325500035814,False
sub168,NB,1519.0807440000062,1549.3152438000252,30.234499800018966,0.5039083300003161,False
sub169,NB,1537.193750900013,1572.663337200007,35.469586299994035,0.5911597716665672,False
sub16,NB,1481.782859400002,1520.9493647000054,39.16650530000334,0.6527750883333889,False
sub170,NB,1480.0917261999855,1536.7608512000006,56.66912500001513,0.9444854166669188,False
sub171,NB,1513.7187696000035,1570.3864696999954,56.66770009999186,0.9444616683331977,False
sub172,NB,1511.6989455000148,1546.2003614999994,34.5014159999846,0.5750235999997434,False
sub173,NB,1510.4068091999798,1558.907145699981,48.50033650000114,0.8083389416666856,False
sub174,NB,1518.067510199995,1562.93782859997,44.870318399975076,0.7478386399995846,False
sub175,NB,1541.5592830999522,1561.926942799997,20.367659700044896,0.3394609950007483,False
sub176,NB,1536.6670149999554,1571.1688808999606,34.501865900005214,0.5750310983334203,False
sub177,NB,1535.3144627999864,1536.989637599967,1.6751747999805957,0.027919579999676595,False
sub178,NB,1533.0964664000203,1570.3338760000188,37.2374095999985,0.6206234933333084,False
sub179,NB,1587.018069999991,1590.2268449999974,3.208775000006426,0.05347958333344043,False
sub17,NB,1485.7993458999845,1522.9665532000072,37.16720730002271,0.6194534550003785,False
sub180,NB,1528.067642399983,1559.703171900008,31.635529500025086,0.5272588250004181,False
sub181,NB,1557.2720727999697,1560.875574900012,3.6035021000423058,0.06005836833403843,False
sub182,NB,1535.475149899954,1569.9767919000003,34.50164200004633,0.5750273666674388,False
sub183,NB,1537.1421427000314,1557.4453446000116,20.303201899980195,0.3383866983330032,False
sub184,NB,1514.907117200084,1534.0105792999966,19.103462099912576,0.31839103499854293,False
sub185,NB,1565.3932594999203,1602.626339899958,37.23308040003781,0.6205513400006301,False
sub18,NB,1513.02947400001,1538.1949364000177,25.165462400007755,0.41942437333346255,False
sub19,NB,1500.7950482,1536.9291285999998,36.134080399999675,0.6022346733333279,False
sub21,NB,1550.1082757999998,1606.2745224,56.16624660000025,0.9361041100000042,False
sub22,NB,1512.979816,1527.1564861000006,14.176670100000592,0.23627783500000987,False
sub23,AB,1512.8559081000003,1535.9560913999994,23.100183299999117,0.3850030549999853,False
sub24,NB,1496.5724565,1524.7402659999989,28.16780949999884,0.4694634916666473,False
sub25,AB,1518.1297669000014,1543.065881999999,24.93611509999755,0.4156019183332925,False
sub26,AB,1521.1132155999985,1550.3483942999992,29.235178700000688,0.4872529783333448,False
sub27,AB,1474.4228171000032,1531.757367000002,57.33454989999882,0.955575831666647,False
sub28,AB,1486.6239975999997,1528.5608579,41.93686030000026,0.698947671666671,False
sub29,AB,1487.3225620999983,1537.6583103000012,50.335748200002854,0.8389291366667142,False
sub30,AB,1531.5356577999992,1560.9085922000013,29.372934400002123,0.48954890666670203,False
sub31,AB,1556.601180499987,1607.002837699998,50.40165720001096,0.8400276200001826,False
sub32,AB,1620.6221521999978,1657.4918272000068,36.86967500000901,0.6144945833334835,False
sub33,AB,1536.0812238999931,1567.3819532999914,31.300729399998318,0.5216788233333053,False
sub34,AB,1495.2947926999914,1534.7312084000005,39.43641570000909,0.6572735950001516,False
sub35,AB,1559.9434992000024,1602.2455220999982,42.30202289999579,0.7050337149999298,False
sub36,AB,1634.671194999988,1681.5257090999949,46.85451410000678,0.7809085683334464,False
sub37,AB,1520.956551899988,1540.4280602999934,19.471508400005405,0.3245251400000901,False
sub38,AB,1516.7813842999894,1553.648549199992,36.867164900002535,0.6144527483333756,False
sub39,AB,1537.3096833000018,1561.7117681999953,24.402084899993497,0.4067014149998916,False
sub40,AB,1529.477642400001,1569.27938800001,39.80174560000887,0.6633624266668146,False
sub44,NB,1517.9051426000078,1538.243437099998,20.33829449999007,0.3389715749998345,False
sub45,NB,1532.9143715999962,1553.2183858999924,20.304014299996197,0.33840023833326993,False
sub46,NB,1490.0261310999922,1534.930743600009,44.90461250001681,0.7484102083336135,False
sub47,NB,1517.157824600028,1550.4251906000136,33.267365999985486,0.5544560999997581,False
sub48,NB,1560.3800431000127,1592.0149409000005,31.63489779998781,0.5272482966664636,False
sub49,NB,1562.1782781000074,1564.3525243000186,2.174246200011112,0.03623743666685186,False
sub50,NB,1496.6906185999978,1533.3941022999934,36.70348369999556,0.6117247283332593,False
sub51,NB,1581.3919204999693,1586.678071299917,5.286150799947791,0.08810251333246318,False
sub52,NB,1541.3794566999422,1573.316330499947,31.936873800004832,0.5322812300000805,False
sub53,NB,1569.3715612000087,1602.8437447999604,33.47218359995168,0.5578697266658613,False
sub54,NB,1534.6814125999808,1566.3496899000602,31.668277300079353,0.5278046216679892,False
sub55,NB,1505.3933344999095,1540.7273342999397,35.33399980003014,0.5888999966671691,False
sub56,NB,1569.5309579999885,1589.868600500049,20.33764250006061,0.3389607083343435,False
sub57,NB,1552.2530053999508,1553.2606679999735,1.0076626000227407,0.01679437666704568,False
sub58,NB,1563.8379838999826,1567.13146840001,3.2934845000272617,0.054891408333787695,False
sub59,NB,1528.7124508999989,1553.8163781000767,25.103927200077806,0.41839878666796343,False
sub60,NB,1561.735924000037,1563.481396600022,1.745472599985078,0.0290912099997513,False
sub61,NB,1544.2824418000018,1545.9145266999983,1.632084899996471,0.027201414999941182,False
sub62,NB,1544.8662915999955,1547.0991049000004,2.2328133000048638,0.03721355500008106,False
sub63,NB,1514.172360800003,1549.5083989999985,35.33603819999553,0.5889339699999254,False
sub64,NB,1573.949110900001,1599.2168996000037,25.26778870000271,0.4211298116667119,False
sub65,NB,1523.4209787,1555.0896733000045,31.668694600004528,0.5278115766667422,False
sub66,NB,1564.5380039000083,1590.4747867000042,25.936782799995854,0.4322797133332642,False
sub67,NB,1501.0808992999955,1551.6491682999913,50.56826899999578,0.842804483333263,False
sub68,NB,1513.6092923999968,1545.2427364999894,31.63344409999263,0.5272240683332104,False
sub69,NB,1617.719012600006,1654.9573485,37.23833589999413,0.6206389316665688,False
sub70,NB,1571.3746701999917,1598.2094212999946,26.834751100002904,0.4472458516667151,False
sub71,NB,1506.7472740000085,1555.2488928000091,48.50161880000064,0.808360313333344,False
sub72,NB,1524.6741698999977,1564.445169700004,39.77099980000639,0.6628499966667732,False
sub73,NB,1536.9698787000088,1570.442893200001,33.47301449999213,0.5578835749998688,False
sub74,NB,1522.769243200004,1555.1040052000026,32.33476199999859,0.5389126999999765,False
sub75,NB,1545.7140892000025,1582.9488120000024,37.23472279999987,0.6205787133333313,False
sub76,NB,1530.919641299988,1565.4218118000135,34.50217050002561,0.5750361750004269,False
sub77,NB,1527.674617599987,1563.0111612000037,35.33654360001674,0.5889423933336123,False
sub78,NB,1510.7880145999952,1536.0900434000068,25.302028800011612,0.42170048000019356,False
sub79,NB,1540.3921487000189,1569.0626093000174,28.670460599998478,0.47784100999997464,False
sub80,NB,1515.8830332999933,1564.5206748999772,48.63764159998391,0.8106273599997318,False
sub81,NB,1610.358434499998,1611.4167660000094,1.0583315000112634,0.01763885833352106,False
sub82,NB,1538.2777750999958,1566.478837599978,28.2010624999823,0.4700177083330383,False
sub83,NB,1535.5015980000026,1554.3347900999945,18.833192099991948,0.3138865349998658,False
sub84,NB,1547.2849413999938,1584.4861656999856,37.201224299991736,0.6200204049998622,False
sub85,NB,1528.823827699991,1553.7585689999978,24.934741300006863,0.41557902166678107,False
sub86,NB,1554.4167468999804,1555.9697325999732,1.5529856999928597,0.025883094999880996,False
sub87,NB,1504.554426000017,1553.190834900015,48.63640889999806,0.8106068149999677,False
sub88,AB,1543.4031723000226,1572.7748835000093,29.37171119998675,0.48952851999977914,False
sub89,AB,1510.8978773999845,1561.2331441999995,50.335266800015006,0.8389211133335834,False
sub90,AB,1489.4741846999968,1528.9096550999966,39.43547039999976,0.657257839999996,False
sub91,AB,1612.515062099992,1618.0713783999963,5.556316300004255,0.09260527166673758,False
sub92,AB,1543.6347907000163,1577.936629600008,34.30183889999171,0.5716973149998618,False
sub93,AB,1525.169956400001,1549.4064293999982,24.236472999997204,0.4039412166666201,False
sub94,AB,1563.2533894999942,1565.8979292000004,2.644539700006135,0.04407566166676891,False
sub95,AB,1500.4860529999714,1548.0868088999996,47.60075590002816,0.7933459316671361,False
sub96,AB,1563.4536856000195,1568.9878797000274,5.5341941000078805,0.09223656833346468,False
sub97,AB,1520.0755453999736,1559.876181199972,39.80063579999842,0.6633439299999736,False
sub98,AB,1559.1455322999973,1609.0135659999796,49.868033699982334,0.8311338949997056,False
sub99,AB,1527.9917187999818,1547.4643372999851,19.472618500003364,0.3245436416667227,False
